Tag 1,Tag 2,Rules
1. Organizational Management,1.1. General Requirements,management representative designat hav overall responsibility authority achiev organizations conformity applicable certification requirements description sites production process andor collection disclos body Textile Exchange current accurate includes follow a Organization name b Street address c Type activities perform site audit purposes organization allows access to locations includ farmland buildings etc processespractices scope certificate animals documents records relat unifi standard include financial d workers ie staff contractors interview restrictions absence deem necessary team protect privacy written Management Plan place relevant given objectives resources manag environmental conditions limitations local socioeconomic profile adjacent lands Strategies waste reduction reusage recycl us ensures contract met work sign animal fibers Contractor Declaration provid services maintains complete uptodate demonstrate requir retain minimum 5 years does conduct parallel species meet complies laws regulations complet Farm Facility Questionnaire Geographic Information GIS data input develop requests selfreport information monitor evaluation impacts contributes learn 1 person sufficient understand officially aim avoid potential confusion Certification Body CB implement need actions shall disclose operations 2 Group Internal Control ICS responsible collect members ifwhen sampl visit review people auditor intention clear picture operation determine reasonable sample line risk ratings criteria defin procedures appropriate scale intensity necessarily mean unique document series technical specific plans different serve purpose guid certifi 3 reflect operat circumstances needs live regular reviews at annually calibrationsupdates lessons improve system leadership criterion encourag comply gain strategies compost treat organic general requirement objective raise awareness that sections happen rais template ANNEX Records updat compliance New candidate start date application ne request historical before main farms own Special cases sent consideration depend eg use mules rams able present demonstrates focus list check systematic verification happens finds noncompliance corrective action agency essential element shows willingness rectify situation adopt measures th future depends type evaluat questionnaire additional instructions ConformanceRelat Leadership MEL Indicator Major Minor Critical Recommendation Cotton Sheep wool Mohair Alpaca Cashmere Down Recycl MMCF Biomaterials Skins
1. Organizational Management,1.2. Shared Responsibilities,procedure plan policy organization assign competent employees responsible implementation review annually person charge updat necessary Workers access unifi standard aware requirements relevant responsibilities Relevant procedures available written andor visual form workers language understand receive adequate train supervision ensure proper includ organizations management policies Train records maintain 1 CB shall verify sufficient appropriate resources it contract services objective accord current activities happen Hence request readreview documents needs changedupdat proce accordingly 2 means verification check contain information bas realcurrent conditions verifi site Interview general knowledge able hypothetical situations undertak specific duties eg handbooks pictograms posters local context academic capacities applicable species include euthanasia shear castration tail dock transportation others develop tools type offer conformance observation performance list attendees material us trainings pictures etc interview level key issues frequency need depend cases new hir ne socializ Trainings refresh annual basis Important dates qualifications people provid sessions title names mind criterion regard time retention ConformanceRelat Major Minor Cotton Sheep wool Mohair Alpaca Cashmere Down Recycl MMCF Biomaterials Skins
2. Human Rights and Livelihoods,"2.1. Policies, Management Systems and Records",organization written commitment respect human rights recogniz international agreements guidelines includ to a Avoid caus contribut adverse impacts b Prevent mitigate link operations clear policies codes conduct meet internationally outline objectives strategies actions intend outcomes relat follow topics relevant content correspond section unifi standard Stakeholder Engagement Grievance Mechanism c Remuneration d Work Hours e Child Labor f Forc g Freedom Association Collective Bargain h Discrimination i Harassment Abuse j Health Safety k Workers Hous l Indigenous Peoples Local Communities Rights NOTE review regularly updat need periodicity clearly stat easily accessible employees stakeholders identifi assess document risks associat maintains list indicators conducts regular assessments risk conditions evolve assessment considers likelihood severity nature potential infringement outlin sections maps record material input suppliers ie inputs us produce supplier ii type iii contract iv materials receiv v volumes vi addresslocation service providerscontractors involv production contractor services provid contractors engages Hav publicly available actively engage rightsholders right meaningful effective participation decisions affect them Maintain impact organizations activities map address analysis Rightsholderstakeholder mapp consider minimum communities businesses Organizations support advocate eg civil society independent unions etc Bas results stakeholder develops Plan engag accordance plan engagement states expect rightsholderstakeholder for example year month schedule implementation specific consultation 12 period includes procedure feedback taken implements grievance mechanism Development workers aligns Guid Principles Effectiveness Criteria NonJudicial Mechanisms procedures complaints internal external remediation shar hir develop ifwhen changes made grievances dates protects identity aggriev implement Recruitment Management recruit agency broker verification age ensures fees collect condition recruitment agencybroker yearround tasks directly subcontract secur thirdparty some exceptions apply establish national employment program work visa wages benefits paid employer themselves labor criteria documentation recruits pays keeps manages records request format language understand contracts Employment contractsagreements include least worker Job description hours pay rate sign prior additional young eighteen 18 years detail hazards monitor protect Contractors similar above auditors pass place tracks Daily start end times Total payment or 48 week whichever lower overtime perform Pay rates different units unit time task piece quota amounts disincentive efficiency Payment structures mix job scenarios quotabas casualasneed Number days leave unpaid earn holiday vacation sick maternity status formal informalcasualwithout social security temporary explanation manner remuneration determin basis guarante cash earnings performancebas bonuses read slips information know process inquire questions like andor believe incorrect works liv wage Identify local Liv Wage Benchmark track lowest value accord guidance describ 1 ANNEX 2 provides general overview Annex go comprehensive mandatory level conformity requirements depend size definitions Small Medium Large Producers Facilities 3 requirement hav 4 Producer 5 6 Facility any 7 Available Guidance applicable publications individual declarations explain commitments criterion begun fully recommendation applies incomplete group supply chain details complet complete active tak met Criterion means compliance existence ProducerFacility System gaps communicat identify benchmark sett ConformanceRelat MEL Indicator Leadership Major Minor Recommendation Cotton Sheep wool Mohair Alpaca Cashmere Down Recycl MMCF Biomaterials Skins
2. Human Rights and Livelihoods,2.2. Labor Rights,organization protects health safety workforce follow a identifies controls hazards workplace us risk assessment basis implement preventative measures train procedures line legal requirements relevant international conventions whichever affords workers greater protection b aid equipment available appropriate potential risks organizations site c member crew complet 5 years d provides unrestrict access clean safe sanitation facilities at toilets wash basins drink water onsite operations does discriminate person reason takes actions prevent discrimination kind through Develop employment identify includ recruitment compensation benefits work assignments advancement discipline termination retirement remediation plan identifi cases prioritizes welfare victim Maintain record issues process outcomes harassment abuse forms of andor threat verbal physical sexual threats allows members association choice proactively engages independent worker representative present locally currently potentially support national law permits Workers subject retaliation exercis right freedom implements restriction collective bargain restricts operat supports establishment alternative means employee committees manages hours Development implementation procedure actual day start time moment enter end leave communicates representatives transparent manner processes regular legally establish agreement CBA negotiat fortyeight 48 week lower require overtime ensures voluntary comply requir limits exce 12 e receive rest seven Remuneration Management pays minimum wage perform defin as criterion above accordance with i applicable ii Collective Bargain Agreement iii industry standard higher premium accord to iv 125 Payments twice month paid form acceptable them annual holiday vacation medical maternity f labor contractors similar documentation contractor hires liv increas wages equal recogniz benchmark offers loans happens loan Terms conditions document rate charg level undue burden repayment bind job prevents remediates child young people eighteen 18 age expos interfere school for exposure interference education directly indirectly contribut considers best Remediation shall inform expert specialize Child Labor Monitor System possible maintains incidences relat hazardous engage forc indicators bond unifi standards harassmentabuse processoutcomes withhold belongings documents passports visas personal kept service security purposes bas decision secure storage provid enable Wages withheld penalty force payment debt hous individual families applies Hous meets space hygiene comfort specifications accompany guidance follows ILO Recommendation Workers’ 1961 No 115 Code Practice Safety Health Agriculture 2010 National wellventilat cook 247 children live place workday ageappropriate 1 requirement compliance organizational 2 Small Producer informal approach 3 Medium Large fully 4 Facility any size allow practices ProducerFacility Level Conformity increase Critical activation group grievance mechanism 6 Criterion system remuneration Verifiers reflect contracts policies meet recommendation prevention worst Convention 182 ConformanceRelat MEL Indicator Leadership Major Minor Cotton Sheep wool Mohair Alpaca Cashmere Down Recycl MMCF Biomaterials Skins
2. Human Rights and Livelihoods,2.3. Social Justice,organization addresses Indigenous PeoplesLocal Communities IPLC issues follow a Respect IPLCs rights enjoyment defin local laws customs international conventions declarations b does engage actions affect value resources limit access lands live right use infringe special connection enjoy necessary physical cultural survival c implements document procedures practices prevent address risks includ applicable engag Free Prior Inform Consent FPIC law assessment social baseline andor land tenure study need d remediation plan identifi cases infringement caus potential environmental harms 1 requirement respect 2 Small ProducerFacility criterion applies informal commitmentsprocedures 3 Medium Large ConformanceRelat Major Cotton Sheep wool Mohair Alpaca Cashmere Down Recycl MMCF Biomaterials Skins
2. Human Rights and Livelihoods,2.4. Livelihoods,organization tracks costs production process facilities address livelihoods issues follow a assesses prices pays raw material suppliers annual basis b minimum adjusts annually bas inflation maintain real c works cover increases d possible engages upstream downstream supply chain work meet liv income as defin internationally recogniz benchmarks available require increas collaboration partners 1 Small ProducerFacility recommendation only 2 Medium Large criterion applies 3 Textile Exchange provide suggest template Criterion size Facility ConformanceRelat Leadership Minor Recommendation Cotton Sheep wool Mohair Alpaca Cashmere Down Recycl MMCF Biomaterials Skins
2. Human Rights and Livelihoods,2.5. Management of Waste Collection for Recycled Inputs,organization manages waste collection recycl inputs follow applies a maintains record formal informal pickers provide input material sorters includ company information individuals name date birth contact b implements procedure transparently receiv picker sorter includes i Date ii Description iii Quantity iv Pay given c identifi assess document human rights risks specifically associat sort list indicators conducts regular assessments risk conditions evolve organizations assessment considers likelihood severity nature potential Child labor educational impacts Forc identify vulnerable groups workers Health safety consideration hazards local relevant laws regulations d process directly engag basis ensures able comfortable access grievance mechanisms e mitigation remediation procedures need 1 management 2 criterion size ConformanceRelat Minor Recycl
3. Land Use,3.1. Management Plan,organization takes action ensure soil land health maintain guid written Soil Land Health Management Plan review annually guide actions farm nonfarm areas includes follow a tenure b Forage resources c Graz practices d erosion e Compaction f Organic matter g biodiversity h risk relevant Workers responsibility implementation knowledgeable current best management competent recognize ne experts 1 shows plan exists considers list criteria below 2 communal farmers shar production area suffice members adhere collective 3 suggest template provid Elements seen lens just perspective needs describ such recognizes persons responsible implement activities capable so ConformanceRelat Major Minor Critical Sheep wool Mohair Alpaca Skins
3. Land Use,3.2. Soil Health,organization uses land management techniques prevent minimize a Soil compaction b Loss soil organic matter c erosion d Degradation vegetation cover damage detect efforts restore damag areas implements plan monitor of Vegetation coverage composition health e Efficacy us f number distribution sites conform unifi standard Monitor Guidance ensure points strategically plac representative scale potential impact reseed plant fodder crops conservation low till practices implement degrad overgraz undergraz andor test conduct annually guid Regenerative Outcomes Framework hazardous materials dispos farmland disposal occurs designat compliance legal requirements 1 Land Health Management Plan include descriptions actions degradation 2 Animal stock rates graz Erosion prevention control systems 3 specific relevant describ 4 criterion check appropriate action includes production eg pastures rangeland cropp otherwise riparian buffer strips etc identifi strategic restoration ne rehabilitation changes activities promote better design crop as gain objective information progress sustainable effectiveness threat mitigation interventions vary start point focus basic level onfarm available communal farmers shar area suffice members adhere collective guidance provid user manual consideration Selection Number methodologies applies grows supplementary support certifi livestock rangelands not native result conversion consider pressure animal presencestock density Examples increas bare ground negative change species increase exotic risks mitigate this assess avoid place recognizes sets encourage minimum farm bas simple water infiltration tests visual condition assessments structure biodiversity like community ratios Hazardous defin categories stipulat local regulations pose human quality waste from products medicines sharps Chemicals fertilizers pesticides clean agents antifreeze Certain build asbestos contaminat concrete Batteries Equipment contain refrigerants freezers air conditioners Lubricat oils filters Paints coatings Machinery tires Pressuriz containers Devices mercury thermometers fluorescent bulbs thermostats electrical switches ConformanceRelat Leadership MEL Indicator Major Minor Recommendation Sheep wool Mohair Alpaca Skins
3. Land Use,3.3. Soil Nutrients,organization written Nutrient Management Plan place bas principles efficiency reduction use synthetic fertilizers calculates likely crop requirements tak account available nutrients soil organic manures composts residues Soil nutrient levels test record year certification minimum 5 years thereafter applications appropriate specific needs avoid excess waste Application equipment kept good work order clean regularly calibrat uses compost produc property originat wastes byproducts region application types amounts appli accordance hous production systems us Manure includes follow information a volume manure b c soilplants spread d tim method Fertilizers intend area buffer zone water bodies riparian zones natural ecosystems 1 set strategically plan terms type need methodology level management vary scale farm plann 2 communal farmers shar land suffice members adhere collective Pasture add not includ deposition graz livestock forages harvest reseed overseed takes exempt requirement criterion potassium phosphorous pH ensures practices describ Appropriate identify crops treat methodologies ensure efficient reduce risk recognizes ne maintain risks pos human environmental safety accuracy Us andor certifi surround reduces external fertilizer recordkeep attach records volumes cropp cycle specify hectares aim support exist proof rates time monitor trends assesses exists content applicable generate concentrat associat sufficient additional utilize important negative impact details Note direct include assessments ensur efficiently responsibly possible way avoids environment width determine depend example surface versus injection ConformanceRelat MEL Indicator Leadership Minor Recommendation Major Sheep wool Mohair Alpaca Skins
3. Land Use,3.4. Pest Management,organization written Integrat Pest Management IPM Plan implement crop year bas systems approach principles prevention observation monitor intervention plan includes recommend thresholds triggers use pesticides available program andor pasture establish pesticide identifi reach accordance biological physical cultural control methods us response unless demonstrat ineffective Pesticides appli appropriate specific pest burden address prophylactic applies weather conditions accord directions manufacturers label wellmaintain equipment intend area buffer zone application water bodies riparian zones natural ecosystems Damage beneficial organisms avoid Risks human animal health minimiz Chemicals stor handl legal best practice guidance includ user restrictions ie age pregnancy Chemical containers reus outside original purpose Actions taken resistance Records maintain follow Highly Hazardous grassland crops grown certification purposes land organizations a Annex A B paragraph 1 D Stockholm Convention Persistent Organic Pollutants POP b Annexes Montreal Protocol ozone depletion c III Rotterdam prior inform consent d World Health Organization WHO Class Ia extremely hazardous Ib highly formulations respectively list categories 2 GHS e Known presum carcinogenic mutagenic reprotoxic CMR substances 1A 1B f Unit NationsPesticide Action Network UNPAN International List Graz areas manag reduce risk facial eczema applicable criterion assesses exists communal farmers shar production suffice members adhere collective management describes ecological justification applications set growth states times operates undertaken frequency determine met economic damage occurs Nonpesticide usage describ prioritiz eg intercropp removal etc shown noneffective details nonpesticide attempt discard ineffectiveness record Appropriate target disease fungus we correct rate where mixtures defin Prophylactic reference stage example type justifi mix tank insurance future problems Research does increase productivity generally results larger volumes facilitate accurate Conditions windy lead spray drift wet soon cause leach chemicals watercourses hot leaf scorch Directions include dilution rates acceptable mixes various products product licens 3 delivers aim ensur efficiently responsibly possible way avoids reduces associat risks environment width needs depend tractormount sprayers versus handheld Consideration potential impact soil microfauna pollinators chosen poses impacts welfare persons conduct farm workers nearby communities Animals drifts graz animals allow graze recently cropp line recommendations Good ne responsible manner prescrib relevant safety laws latest regulations support legislation storage locat 50year flood authoriz train shall access keys Person literate farmerfarm worker understand implications incorrect plant protection chemical no feedstuffs Large directly cement floor – place wooden pallets cover plastic Products solid powder granular form liquid less accidental leakage labels intact secondary poison contamination reuse numerous considerations Pesticide occur similar modes action repeatedly allows insect develop Follow decide good start point multiple problem necessary different consider recordkeep attach records types specify hectares plann exist proof time trends provid manual kept Spore counts pastures caus peak periods warm Facial affect ruminants alpacas particularly susceptible spore count levels safe sheep Pasture help lot dead litter base sward buildup fungal spores hav harrow this 4 short high stock greatest present Supplement zinc liver ConformanceRelat MEL Indicator Major Minor Sheep wool Mohair Alpaca Skins
3. Land Use,3.5. Water Management,irrigation us written Water Management Plan place protect conserve local water resources includ a Monitor irrigationabstraction volume if measurable b Adoption best available methods tools technologies improve protection use efficiency Irrigation manag efficiently response plants needs limit essential times day stages plant growth record source area distribution measurement possible abstraction does exce licenses agreements contribute longterm depletion pollution risk runoff sediment composts manure fertilizers potentially pollut materials assess Flood sprinkler efficient alternative 1 applicable certifi organization conducts situation meets criterion provid auditor 2 Measurement systemstools producer resource constraints lack extension support 3 communal farmers shar land plan production suffice members ne adhere collective applies conditions specific grow season appli night early morn temperatures wind spe generally lower evaporation suns heat Longterm speaks pressure time regardless climatic important ensure met takes recognize levels low eg reduc aquifer snow previous winter depend license allows stocks future year Actions reduce include buffer strips precision application not just general crop areas field greater lesser mak frozen waterlogg soil andor applications heavy rain forecast cover large result Alternative systems drip recogniz feasible organizations hence leadership ConformanceRelat MEL Indicator Leadership Major Minor Recommendation Sheep wool Mohair Alpaca Skins
3. Land Use,3.6. Conservation of Biodiversity,organization written Biodiversity Management Plan BMP guides management monitor biodiversity farm includes land follow sensitive areas exist a Protect b Key c hotspots d Rare endanger endemic species e Riparian aquatic ecosystems f Wildlife corridors migration routes identifies addresses threats Graz pressure Crop Soil Alien invasive Hunt fish gather protect threaten plant animal Humanwildlife conflict considerations rewild low productivity unproductive habitat enhancement Cropp practices us encourage native locally adapt takes ecological systems approach follows principles agroforestry agroecology andor permaculture steps improve connectivity implements nonlethal measures minimize humanwildlife conflicts Lethal control wildlife demonstrat ineffective ie remains problem lethal legally permitt targets specific animals isare creat ensures caus results instantaneous unconsciousness death does use leg hold traps snares bait program poison rats mice criteria met maintains records time methods includ date reason necessary immediately review identify improvements avoid deforestation conversion natural agricultural occurr June 1st 2016 onwards Greenhouse gas GHG account tools determine annual emissions sequestrations findings organizations plann 1 criterion assesses exists details plan describ below communal farmers shar production area suffice members adhere collective plans ne spatially represent section support profile completion Farm Questionnaire spatial data Climate which Areas Hotspots describes interventions address relevant activities overlap benefit Rewild refers efforts restore ecosystem health value terms deliver benefits Native require nutrient pesticide inputs thrive local conditions inclusion environments Convention Biological Diversity’s definition is “a strategy integrat water liv resources promotes conservation sustainable equitable way” 2 Agroforestry trees agriculture cropp livestock utiliz produc waste ways appli recognizes effort reduce fragmentation Options include remov connect establish plants maintain allow encroach farmland etc options contribute improv functions movement Nonlethal place risks Exclusionary fenc Livestock guardian Lights sirens may motion activat Fladry lines flagsstrips fabric attach fences Rats consider exhaust live trapp option 3 shall manag target check twice 24 hours legal country operation responsibility legislation ensure involv law aims chances nonselective persecution nonconflict negative effect action controll means acceptable Monitor present risk crops predator IUCN R List provides httpswwwiucnredlistorg humane treatment prior pain suffer Acceptable firearm skill marksman Regardless method prohibit Soft prohibition mutilation nonselect release associat those applicable context wider regional inform experts careful consideration given requires justification Track help trends adopt ongo constant investigation alternative implement Deforestation standard align definitions set Accountability Framework initiative AFi relate forests defin cutoff fiber historically recogniz original RAF standards dates line initial RWS record track example programs COMETFarm Cool Tool intention promot efficient reduction reliance ConformanceRelat Leadership MEL Indicator Major Minor Recommendation Sheep wool Mohair Alpaca Skins Down
4. Animal Welfare,4.1. Health and Welfare Plan,organization written Health Welfare Plan place includes follow applicable a nutritional requirements met b access clean safe drink water maintain c Prevention monitor health issues eg prevalent diseases vaccination lameness injuries internal external parasites d Standard procedures animal husbandry operations castration euthanasia e Biosecurity f Graz management g Load transport organizations develop with review by veterinarian annually visits farm check condition waterfowl Emergency welfare exceptional circumstances fire power cut off flood snow storm feed breakdown vehicle epidemic disease outbreak etc includ Measures taken ensure adequate fe available strategy provision shelter assessment treatment animals arrangements made necessary relocate sell humanely euthanize adversely affect personal protection equipment requir visitors inform advance arrival Foot brushdisinfectant barrier footwear systems provid entrance risk parasite infestation resolv treat preventatively inspections conduct twice day signs injury ill shall routine frequency increas appropriate extreme weather events birth times flystrike Workers knowledgeable demonstrate competency handl possess practice ability onfarm slaughter meet unifi standard Animals body routinely workers capable measur Body Condition Score BCS measurement identifies evidence inadequate nutrition takes action return good actions record 20 cover plaques dirt 30 liquid suffer problems promptly Treatment withheld order preserve individual herds flocks eligibility market Sick injur ne remov herd flock space recovery advice need prevention andor strategies avoid development resistant sought specialist advisor dipp stress minimiz safety safeguard Treatments administer accord label veterinary treatments maintains records detail Substance product reason Animal group identification Number Date Withdrawal period unable illness mov truck sl cart mortality die euthaniz Unexpect deaths outbreaks investigat preventive remedial rates exce expect levels resolve problem Species certificate scope kept continuously close confinement receive care attention comfort 1 Communal Farmer Groups plan prepar level 2 producers 3 suggest template User Manual Small Producer criterion recommendation down separate requirement vet comes exception small farms time fiber challenges gett vets support remotely emergency exists addresses points list certifi ie mitigation higher occurrence given user manual likely commercial hous ducks geese production Preventative us acceptable worm set dates intervals justifi specific industry forecasts guide farmers peak climate nematodirus stages cycle females late gestation temporary decline resilience preventative reduce shedd eggs infect offspr Mules breach modifications wellness Walk slowly carefully lame birds sure walk view identify Identification sick Check work feces worms inspect frequently unnecessary scale type system penn pasture stock keepers daily livestock Records incidences extensive settings inspection groups often occupi range area site sees high morbidity occur indication insufficient guidance note current best practices species recognize veterinarians experts responsible carry describe interview techniques align Routine requires sample assess year Ideally habit do gather tasks aware train correct muscle fat coverage base scor templates keep Inadequate score Scor 10 50 head neck legs knee hock exclud calculation percentage Plaques built up dimensional areas mud indicate prolong exposure dirty muddy conditions visually ideally meters difficult dirtiness case highest held pens 4 “prompt” deliver soon possible discover minutes certainly hour caught potentially assistance hours accomplish relevant additional certifications prohibit use medications example retailer programs meat antibiotics lead quicker However rest plac hospital similar Requirements liv environment dry bedd easy food specifi continue spaces effective fully submerg solution drown Females unwean separat young trapp bigger dip open cuts wounds minimize infection wet tir thirsty concentration does excessively contaminat soil post 5 morn nightfall potential complications pneumonia 6 ensur protective worn ventilation splash boards screens enter 7 Note residues remain weeks common dosage products CBs request needs chance rise easily movement pain distress Us depend size supports outcome distinguish dead risks death outside expectations expert recurrence determin overall different types age limits investigate cause br result auditor perform audit noncertifi concerns observ appli include guardian Close defin situations freedom ConformanceRelat Leadership MEL Indicator Major Minor Recommendation Critical Sheep wool Mohair Alpaca Down Skins
4. Animal Welfare,4.10. Euthanasia and On-Farm Slaughter,clear set criteria recogniz animal needs euthaniz workers aware of competent follow animals experienc severe pain illness reasonable expectation improvement delay Euthanasia andor onfarm slaughter perform us method quick causes minimal stress results rapid loss consciousness death regain methods euthanasia a Captive bolt gun b Handheld stunn exsanguination c Cervical neck dislocation options available Manual cervical appli birds 3 kg weight Mechanical 5 Individual veterinarians euthanize seventy 70 manual day unless requir bird welfare qualifi people emergency situations eg find access tools prolong suffer prior Firearm Penetrat nonpenetrat captive secondary ensure pith conduct cutt throat best practice guidance Plann carri train veterinary surgeon plann takes place acceptable sheep goats only headonly electric kill device position correctly accord species electrical minimum current 100 amp achiev bolts firearms appropriate cartridge propellent size spinal cord sever broken confirmation Death confirm disposal process observ Fix dilat pupils Lack corneal response jaw tongue tone d respiration minutes Pupils centrally fix nictat membrane Limp body pulse muscle movement wings droop rhythmic breath Onfarm away view unavoidable cases 1 organization develop interview shall includ protocol Health Welfare Plan 2 meets seen audit Examples include high level treatment unlikely effective alleviate saves able return normal function seriously sick injur shows sign 24 hours leave die alone ne certifi site overarch principle reflects Details provid rest section uses availability guns handheld stunners region production time taken cause exce alternative heavier stretch dislocate bas crush sufficient limit exceed disease outbreak unforeseen absence emergencies stick 70birds maximum alive farmers possible carry inspect need discover inspection long way main farm buildings option prestunn common knife addition regions legal effectively stun Us Circumstances permitt licens restrictions equipment purchase Equipment country demonstrat work hav suitable staff use it allowance applicable list bleed immediately post Electric design purpose operat manufacturers guidelines rarely here steps sharp 15 cm restrain chin held extend swift cut upper carotid arteries jugular veins allow blood continues loses monitor Additional accompany unifi standard nominat Workers responsible demonstrate competence handl parameters head onlyelectric seconds occurs regains Interview identify correct placement firearm alpaca plac crown ie highest point aim downwards base penetrat poll intersection lines drawn outside corner eye middle opposite ear 4 horn alternate orientation gunshot line downward skull direct bullet 6 waterfowl straight down 7 Electrical examples visible meter check reach apply devices right vary type justify choice organizations as discussions provide evidence signs mov doubt dead stunningkill repeat Unavoidable additional distress necessary person unable ConformanceRelat Major Critical Minor Sheep wool Mohair Alpaca Down Skins
4. Animal Welfare,4.11. Slaughterhouse,organization document standard operat procedures parts slaughterhouse operation review annually implement appropriately appoint person responsible animal welfare authority stop slaughter operations risk Slaughter sites comply applicable legislation environmental management workers unload handl stunn animals competent accomplish tasks requir them protect Workers receiv train includes follow a Animal principles b Good practices c Identification sickinjur d Stunn methods check effectiveness e Relevant eg posters pictograms view language understand waterfowl inspect arrival site injury illness Records kept available inspectors maintains records incom loads certifi farms Rate dead sick injur Travel time Time Animals humanely mistreatment prohibit Unless wait area appropriate facilities 2 hours Waterfowl hung room reduc light minimize stress fear Measures taken levels moment kill includ prevent see Live held plant subject extreme cold heat Electric prodders us unable rise euthaniz promptly method defin unifi Hold pens provide space lie together shade shelter maintain thermal comfort Water hold f 12 more floor areas access live provides good traction slipp fall Suitable equipment species reserve Stunningslaughter manufacturer’s instructions causes immediate unconsciousness lasts death Electrical neck cutt Captive bolt gun electrical appli criteria met Frequency hertz 200 Hz Minimum current 130 mA water bath heads birds completely immers electrode extends length receive prestun shocks baths form frequency 3 times day results record Adjustments settings produce effective consistent stun ensur Head electric Headheart Penetrat captive guns Firearm device position correctly accord minimum 100 amp A achiev bolts firearms cartridge propellent shackl andor hoist unless effectively sign consciousness immediately restunn ensure unconscious bl Follow shall soon possible 15 seconds headonly 60 headheart shoot firearm ble wound severs major blood vessels allows rapid loss point Death confirm observation pupils heartbeat lack respiration prior process sight conducts confirmation inspections supplier conformance 1 Document meet requirements criterion provid request details worker mak sure operational presents information demonstrates currently investigation for prosecut failure laws regulations observ audit demonstrate competence seen puts carry list describe interview techniques align internal oversight evaluation include monitor takes place programs whether conduct internally externally cover topics Details qualification deliver session date took success assess handle evidence successfully complet relevant work local context educational capacities processes copies inspection show number identifi ill Birds discover suffer com elements strict policy ensures aware responsibilities poor treatment Mistreatment rough physical contact kick strik slamm gates tripp throw dropp dragg pull fleece wings tail ears head horns legs lift carefully calmly know signs lot vocalization actions reduce this 4 hand individual transport crates contain thrown movement smooth calm 5 covers Appropriate allow control temperature humidity external stressors noise food Reduc lower level balanc safety dark do consider bird steps goes adherence rest section encompass approach focus reduction frame lens best particularly important Attention paid outside group expos chill middle overheat depend prevail conditions direct sunlight wind precipitation pant hot fans ventilation huddl additional temperaturecontroll build need known prods hotshots names administers shock reason permitt exception use devices clear guidance euthanasia underway acceptable leave Euthanasia describ prestunn occupi sufficient obstruction plan detail maximum type one auditor exceed Construction suitable example roof not walls passive active potential weather temperatures discomfort shiver describes necessary adaptations extremes provision summer curtains similar windbreaks gaps winter accessible penarea Accessibility height source means open troughsbuckets ie bite nipple drinkers drinker easily buckets troughs manually fill checks topp up stocks fe ne uncommon occurrence plans extend periods sources previously purchas invoices suppli farmer feed racks hay concentrate Slipp situation loses foot portion leg touches Fall body aside feet ground slip guide tolerances respectively surface groov nonslip mats material Floors wet manure extent surfaces slippery Primary Reserve different primary long conform state repair maintenance schedule conforms manufacturers uses stunners handheld cut occurs return likely geese fully load Observation shows adjust size commonly commercial poultry However concerns relat inversion requires challenges leadership metric assumes course entire remedial action insensibility 96 attempt 25 scor tolerance 99 correct penetrat poll sheep goats plac intersection lines drawn corner eye base opposite ear horn alternate orientation gunshot line aim downward throat alternative placement skull bullet spinal cord only electrodes span brain directly scissortype tongs tong carri fix handpiece headtoback rear heart with forward eyes way visible meter reach apply right vary justify choice Checks corneal reflex eyelash response touch rhythmic breath ribs twice spontaneous blink rail remains Bleed delay ready able perform multiple succession bleed order tim average period does exce shot incision sharp knife jugular furrow entrance chest sever aris close blade 120 mm make carotid arteries veins Blood gush mov doubt stunningkill repeat slaughteringbleed curtain away visits nonconformances resolve these ConformanceRelat Leadership MEL Indicator Minor Major Critical Recommendation Down Skins
4. Animal Welfare,4.2. Animal Nutrition,plann feed nutrition organization takes consideration animal numbers seasonal forage production boughtin food chang climate patterns Animals access adequate foragebas suit animals’ age needs maintain health prevent prolong hunger malnutrition Changes diet introduc gradually Waterfowl provid sufficient meet nutritional good condition Fe continuously available animals daylight hours space feeders waterfowl eat undue competition Growth promoters us forcef includ contractors outsourc does source soy diets sourc countries high risk crop land creat deforestation conversion unless verification occurr supply clean safe drink water day Sheep andor goats depriv fe reasonable management practices such shear transport slaughter longer twentyfour 24 Ewes late pregnancy lactat 20 Alpacas 6 held husbandry monitor signs distress remedial actions taken seen poor healthcondition 8 properly stor ensure quality contamination avoid performs regular checks quantity promptly rectifies identifi storage problems 1 Climate change result changes expect grow conditions regions example drought previously emergency situation find common occurrence Plann account evolv impact Overall bas graz offer harvest forms eg hay baleage preclude use grains protein feeds welfare 2 ne palatable deliver appropriate dietary terms energy minerals etc 3 Forage content daily negative outcomes acidosis protocol place transferr pasture or vice versa supplementary rate allows adapt new time need adaptation vary severity supplies meets different ages types birds young brood phase require higher older free rang areas include vegetation Observ choose sign queu routinely fiber prohibit however antibiotic absence disease growth promoter flock herdbas treatments justifi done forcefeed generally weeks prior facilitate split small penn groups splitt large flocks smaller cycle investigat CB ICS under group scope certificate occurs able provide details ensures cutoff date criterion December 31 2020 check declarations suppliers country origin certifi Round Table Responsible Soy Water suppli troughs drinkers natural sources easily accessible level times continuous nomadic herd systems twice sheep minimum requir task hand successive remov period keeps track return maximum permitt Late ewes gestation tracks exce alpacas closely deprivation periods special attention lactation Remedial action immediately discomfort excessive pant unsteadiness feet hot shiver huddl cold depend reaction provision additional shelter adjust stock density mov ventilation ie body undergo for preshear determin reach applies forages concentrate grainbas Proper remains dry allow easy rodents wild lead foreign bodies frequency availability oversight hous inspect address ConformanceRelat Leadership Minor Critical Major Recommendation wool Mohair Alpaca Skins Down
4. Animal Welfare,4.3. Living Environment,Hous handl systems design construct maintain minimize stress likelihood injury animals locat away areas potential runoff buildings use site structurally sound Infrastructure inspect regularly good condition repair necessary Animals hous outdoor pens protect prevent suffer heat cold Waterfowl access protective shelter Hatchlings provid appropriate supplemental brood threat predators farm cats dogs andor pets kept waterfowl area ventilat automatic ventilation mechanical requir air quality alarm place alerts workers failures sanitary shelters provide dry safe comfortable foot solid floors natural light normal period daylight hours experience minimum 6 uninterrupt darkness near night 8 day lamp 4 weeks age indoors thirty 30 minutes dusk levels reduc dawn increas periods Shelters allow enter artificial us distribut evenly held long term close confinement tether Close time address special ne provision medical care sufficient freedom movement floor space lie rest posture twentyfour 24 consecutive sheepgoat follow animal a Ewedoe 14 m2 b single lambkid 20 c Additional lambskids 3 months 06 d Lambkids 12 09 e Ramsbucks alpaca 50 kg 110 lbs 5080 110176 18 80120 176264 21 Goats longer fortyeight 48 rais platforms available freely move stand turn around stretch wings run Stock density ducks does exce Individual Duck Weight Max Density kgm2 15 17 2 25 35 22 23 45 geese Post 13 birds older cages moldfree bedd avoid discomfort Woodbas products chemically treat wood continual nest they partially clos Contain friable material dark attractive sites weatherproof boxes 1 box pasture times unless emergency severe weather conditions negatively impact welfare effective shade windbreaks Fenc species agetype meat free outside beginn latest big enable easily combin length exits m 100 Outdoor entirely waterlogg muddy consistently cover vegetation Alpacas dust bathe water deep heads shake bodies difficulty able swim feet touch environmental enrichment Total equivalent rates bas the Land type Pasture Seasonal includ availability Class stock Available fe f graz pressure organization maintains record seasonal maintenance ensures sharp edges projections features cause electrical points Shear sheds criterion fiber ie mammals Handl relevant hav mind behavior example tend better curves right angl corners Runoff consider runn known cases occurr mechanism build pen capable adequately safely confin risk eg collapse structure frequency inspection relates shear carri ahead unus year say monthly checks penn audit signs interview stresses action observ Signs include Pant Rapid breath Weaknessdifficulty Remedial actions mov cool shad circulation offer Shallow Shiver Huddl postshear extra attention need includes feed them individual alpacas coats capes reduce permanently wind rain snow temperature house needs manag insulation coll fans etc depend external rang smaller scale taken range morn brought daytime freerang expos temperatures suitable either manufactur hatchlings parents commonly case life Brood usually set 90°F week 5°F 10°F that spread source correct hot huddl Protect mean expectation attack injur predator Rather aware local threats takes livestock options do vari fenc kraals herders accompany guardian Small Producer applicable Farm pet seen exception bond flock applies roof uncover Buildings effectively high humidity condensation draughts buildup harmful concentration gases ammonia carbon dioxide Levels noticeably unpleasant humans Ammonia check height human apply Alarm issue audible visual barn fail automat text cell phone manure remov regular basis litter lifetime management disease transfer flocks equipment services bowls troughs units extinguishers clean smooth concrete slippery surface present hold groov grip rubber matt slip fall exist mesh slatt create particular lead leg problems splay abrasive damage stop supplement inside solely cycle demonstrate timer settings hour ensure manual control meets evidence capabilities gradual decreaseincrease intensity windows wells open curtain sides met bright shadow Examples race crate crush fosteringgraft crates ewe doe yoke neck unable Tether similarly restricts acceptable option manage complete work “long term” vary task hand plac trimm releas group bought drench races restrain lambs foster couple days examples Exact specifi criteria below allows assessment layout total perform behaviors divid number maximum states weight average calculation requirement kids soon birth extends Rais various materials bales hay straw wooden similar items Research shown reduces aggression groups goats bird Free w possible accomplish walls ability rise unhinder remain slaughter meet younger lighter cage fully enclos bars wires barren battery furnish colony enrich prohibit Transport containers contain temporarily vaccinations justifi reasons justification writ qualifi veterinary practitioner large choose guide half depth provides comfort abrasions lesions insufficient caus woodbas sourc nonchemically auditor assess crumbl is Bedd stick boots walks form lump compress retains shape compression release difficult preen cak damp wet 10 Birds stuck feathers breedinglay requirements indicator presence eggs particularly seclud numbers Fiber best herd default position However understood serv removal extreme events ice storms situations permitt Keep keep lots feedlots purpose ready Chang climate patterns review Climate change result changes regions summer drought norm places Plann account evolv Risk exacerbat reliev factors spe protection organizations must allocate different pant concentrat seek 5 shiver horn pastures frequently trapp it Fences discourage try jump strength withstand forces appli Electric fences install contact momentary reach breed flocksparent Weather reason withhold storm cyclone chooses circumstances leadership multiple small fewer larger Easy goes pass through require fly certifi operation completely unattractive promotes causes previous encourage majority immediately precipitation drainage application substrate soak techniques quickly return state view visually occupi vegetative grow green season coverage cut harvest Dust bath groom generally baths opportunity Water drink separate nipple drinkers Bell drinker indicate this Open width easy dip preferr not dirty bills nostrils eyes infection recycl replac foul point young drown behavioral separately queu fight Access onwards order size suggest cm injurious pluck Enrichment forag refuge scatter food know guarantees Calculation considers rotational versus low wild herbivores desir nutritional intake rate soil health land degradation section copy records plan indicates actual differ plann level together detail system ConformanceRelat Leadership MEL Indicator Minor Major Recommendation Critical Sheep wool Mohair Alpaca Down Skins
4. Animal Welfare,4.4. Husbandry Procedures,Good hygiene practices follow relation facilities workers handl instruments Equipment us animal husbandry procedures wellmaintain design specifically purpose Husbandry implement lambs kids maternal bond establish injurious includ tail dock sheep only andor castration bas written welljustifi Welfare RiskBenefit Analysis accordance Health Plan review annually considers a welfare challenge procedure seeks address b kept puberty c Alternative protect animals effectiveness d Methods best suit age e Steps taken minimize pain distress advis veterinary surgeon regardless method relief appli suitable available monitor signs postoperative complications corrective actions necessary perform goats methods Bloodless emasculator Application rubber r shorten scrotum Surgical mandatory alpacas surgical Sheep 8 weeks Goat rings surgery bloodless fourteen 14 Castration ages specifi takes place happens organization raise rams bucks sale retention breed stock set criteria assess suitability conformation parents genetics etc ie shouldn’t keep ram buck that’s born initial assessment young time castrat don’t meet Young pass later develop traits make unsuitable herdflock carri Alpacas 12 months Tail application Thermocautery preferr Scalpel cold knife Dock sheeps tails cover vulva ewes equivalent length mules breech skin folds wrinkles remov Horn inspect regularly ensure tip or horn contact face Dehorn disbudd substantial trimm conduct unless need minor parts blood vessels nerves cut into veterinarian mark identification purposes current legislation Brand Earmark notch conditions met risk loss tags natural environment theft Ear does remove 10 ear tools surgically sharp scalpels Practices debeak infrar treatment prohibit physical alterations waterfowl happen as Declaw Hole punch W clipp Trimm feathers Live pluck Molt harvest forc molt assist comes rais food parent flocks supply chains produce source live outsource Teeth check overgrown teeth rasp 1 criterion relates tagg 2 prevent disease break provide entry point bacteria 3 Hygienic equipment applies organizations borrow brought certifi site contractors others clean good condition example insert right size type tag single closure pliers Female offspr hours birth display care identify period mother reject Incidences rejection abandonment seen copy clearly shows onbalance benefit undertaken suggest template provid User Manual requir includes elements list Note expectation group level individual sent slaughter definitely retain treat entire potentially reach Puberty defin sexual maturity product painreliev effect castrationtail products act quickly acute longer greater similarly vary eg scalpel rise chronic postoperatively addition wound leave licens use farmer relevant country species definition require farm’s judgement regard offlabel drugs reason access appropriate needs prescription obtain long license allows present ensures identifi cause mitigat future operations Complications depend operation Examples include sepsis potential dirty burns thermocautery device correctly scrotal hernia loop intestine testes band hemorrhage testicular artery fails seal clostridial tetanus enter open wounds permitt specify requirements way easy understand chosen shall anatomy alpaca different therefore vet flock lamb occurs hous easily ewelamb secure extensive pasture try catch lead mismother Normal practice gather youngest capable safely mothers situations average acceptable unifi standard calculat spread dates date herd kid doekid kidd demonstrate sells males advertisements invoices retains records boughtin home br selection uses evidence deem maximum day oldest old quite generally principle distal end caudal fold meets breeds purchase ultrashort outside organization’s control look encourage consistent local options shortdock accept wool contain previous certification purchas removal shears stein freeze clips techniques checks routine inspection issues occur Disbudd dehorn partially broken digg tipp resolve issue Minor adults quick tissue devoid involv justifi carries out countries legal placement Best fall gett torn reduc infection breaks middle away veins heat cool permanently details risks measur shape person mak Assessment Individual caught ears deliberate this Observ birds obvious sign hatcheries ducklings goslings feather collection Harvest naturally sh result case not achiev manipulation nutrition conjunction restrict light chain focus production meat smallholders stat rationale ducks geese consumption sufficient larger main output older sourc able previously transfers directly transfer justification explain protrud describes shear annual manual metal rasps files handheld power suitably siz attachment exposes sensitive pulp center tooth 4 canines incisors two threeyearsold male Handheld recommend cutters split ConformanceRelat Major Critical Mohair Alpaca Skins
4. Animal Welfare,4.5. Animal Shearing,Preshear takes consideration climatic conditions ensures mitigation measures place event chang entire process shear perform direct supervision organization person appoint Shear by of competent shearer Animals handl calmly confidently minimize stress us techniques equipment design injury Particular care taken cut injure animal especially teatsudders female animals penissheath scrotum male Alpacas ly directly concrete bare earth plac mat down restrain minimum necessary time alpacas ropes soft abrade skin ti way does restrict blood flow Restrain constant releas restraint struggl themselves people manage lift alpaca positions ensure inhale regurgitat stomach contents ceases immediately treat Pain relief appli injuries suitable pain available maintains records recurr problems mishandl appropriate action address prevent those 1 Cold risk post adapt removal fiber particularly case cycle optimize staple length winter Signs cold include Shallow breath Shiver Huddl sheep Remedial actions mov shelter area feed them 2 Conversely prior heat Pant Rapid Weaknessdifficulty stand cool shad areas good air circulation offer water Note spray wool stops fleece counterproductive Wett help Direct criterion means site present knowledge competence carry meets criteria unifi standard includ maintenance use deal etc ne Handl species conduct carefully procedures detail requir Health Welfare Plan easy workers understand describ practice Equipment task maintain Hand shears clipper blades kept sharp electric power machines condition manufacturer’s instructions audit cuts kind seen times able steps injur observ auditor lie protects acceptable leadership requires given on applies table ground Experienc shearers minutes hand similar clippers complet job precedence spe rope 6 mm diameter attach fetlock limb joint Ropes shall tightly form effective limbs 3 type restraints release Examples safely increas much danger fall tables understood important welfare remov year complete return companions allow settle attempt made last activity sh extra assist involv head hang body example avoids follows open wound greater 10 cm depth reaches muscle layer teats ewes damage prepuce tip vulva Example treatment sutures application repair antibiotic injection not licens husbandry carri out guarantee products provide copies observation previous sessions recurrent issues future prevention retrain ConformanceRelat Leadership MEL Indicator Major Critical Minor Recommendation Sheep Mohair Alpaca Skins
4. Animal Welfare,4.6. Herd Management,Animals maintain stable groups mix animals certifi herd flock avoid introduc breed males new group monitor signs aggression actions taken occurs Isolation individual minimiz case isolation confin animal given companion able visual contact species Exception quarantine purposes livestock guardian suitable farm environment expect predator threat Quarantine procedures follow 1 management fiber necessary regroup However intent criterion organization works minimize ne routinely different far possible allows establish social order 2 production occur young birds initially kept multiple brooder circles releas main house risky time Mix older done newly aggressive point risk severe injury remov Monitor takes place settl hierarchy health welfare example treatment sick injur require isolat seen audit good reason bas support this 3 instances relate promot wider needs reasons understood hav healthy pen best option eg disease transfer knock scope unifi standard complete removal sight smell sound lead stress Exceptions potential spread close proximity successfully us guardians common dogs donkeys llamas success depend type number predators size bond shown chase small foxes away jackal coyote appropriate large andor attacks need 4 pose sheep goats train left unsupervis goal prevent transmission oncom exist consider biosecurity plann Health Welfare Plan leadership purchas simple keep incom stock weeks diseases develop situations higher risks present include vaccination worm programs blood tests ConformanceRelat Leadership Minor Major Recommendation Sheep wool Mohair Alpaca Down Skins
4. Animal Welfare,"4.7. Breeding, Birthing, and Caring for Young Animals",organizations breed strategy takes consideration welfare traits suitability type environment animals rais Birth supervis timely action taken keep disturbances minimum extensive systems unaccustom daily supervision breeds strains suit easy births good maternal care us birth period plann coincide local climatic conditions favorable survival Practices procedures feed young provisions foster prior start Cervical artificial insemination AI carri competent operators Laparoscopic perform veterinarians train veterinarian appropriate pain relief Electroejaculation permitt fertility test follow requirements met a b Records male examin kept c evidence undue stress handl stimulation procedure abandon analgesic general anesthetic administer Pregnancy diagnosis individuals techniques Fetotomy skill person unborn dead cesarean section necessary possible Artificially rear conduct emergency situation eg animal reject mother sick dies insufficient milk alternative female receive sufficient colostrum ensure lambs kids artificially access diet 6 weeks old adequate intake feeds nutritional needs crias 12 Close restraint females purpose methods Lambs wean mothers Crias thirtysix 36 Animals maintain social group 2 date interval left potentially stressful castration andor vaccination 1 Breed stock selection criteria include Foot leg health Overall conformation Mother ability Temperament Ease includes retain herd flock annual older rebr degree close vary depend bre organization monitor time balance avoidance disturbance ne extra oversight example weather increase risk neonatal hypothermia strain includ choice expectation assistance likely mismother offspr ongo human intervention understood year avoid times snow ice storms flood extremes adversely affect survivability common Plann requires br when early higher mortality multiple factors produc lower weight complications big poorer instinct 3 lot problems reviews cycle able expect number f new production Preparation species involv range know obtain replacer equipment use previous years rare present site commenc workers case specific external people qualifi veterinary surgeons record them sign contractor declaration carry criterion laparoscopic place provide details performs supervises commercial farms electroejaculation recommend vet However stud technique males sold pregnancy also known embryotomy death confirm Ideally operation unable naturally preserve life history potential provides specifies situations relates individual examples large herds flocks season fall categories describ here Colostrum important newborn antibodies prevent disease 24 hours suckle provid 10 bodyweight spread Milk suitable withdrawn eat concentrates forages rule thumb birthweight automatic check growth rates achiev rate point Alternatives Cover fluids wet Skinn attach skin attempt work chance accept standard describes pasturebas sheep goats intensive and earlier detriment concentrate introduc age deem sources optimum grassbas unifi require land management state support lactat ewes does unexpect climate lead lack available fe lactation make decision lamb kid plan implement mitigate need occur future Minimum calculat reference youngest Lett stay remov help reduce recogniz precedence leadership conformancerelat maximum relat removal ConformanceRelat Leadership Major Minor Critical Recommendation Sheep wool Mohair Alpaca Skins
4. Animal Welfare,4.8. Handling and Transport ,Animals handl humanely mistreatment animals prohibit Positive humananimal relationships develop confident young age Extra care taken special needs includ heavily pregnant females lame injur breed males Heavily absolutely necessary waterfowl hatchlings chicks sick driven foot calm manner relax pace natural animal faster slowest Contingency plans place weak dur movement vehicle Audible visual aids eg rattles flags us preference physical contact expos sudden loud noise cause fear stress Electric prodders halters comfortable fitt chafe obstruct breath dogs a specially train undergo mov livestock b Dogs nip bite suitable muzzles c responsible workers good control d allow force quickly continue go appropriately prepar transport provision sufficient food water species condition expect length conditions journey avoid pain injury distress transportation f familiariz fe offer methods given assess determine fit follow auction slaughter unless purposes veterinary treatment Sick disabl unable stand unaid bear weight leg blind eyes body result poor welfare climatic short less 50 km purpose improve unnecessary suffer past 90 gestation New born navel completely heal Females birth previous seven 7 days caus additional shall legs ti restrain load unload facilities farm design construct maintain ensure safety way minimizes risk Waterfowl carri Ducks hand Geese individually Carry distances birds kept minimum crates plac carefully ensur backs pose organization maintains records death rates associat takes appropriate action address high does knowingly sell traders brokers intend export internationally 1 seen audit 2 Mistreatment includes rough kick strik slamm gates tripp throw dropp dragg pull fleece wings tail ears head horns neck lift 3 ensures handle calmly times Workers know signs lot vocalization actions reduce that 4 criterion covers goes avoidance bad cover requirement promotion positive interactions humans held extensive limit opportunities Nonetheless gather management tasks practices implement important walk houses interact lett time provid vehicular involves extra thought ne minimiz wait systems meant accommodations available rationale link overall hous observ group push ask spe trot front free rang different areas case applies contingency plan audible tools correctly ineffective noises heard shout vehicles equipment acceptable unacceptable known electric prods hotshots names device administers shock reason permitt unifi standard exception use stunn devices Halters temporary aid wear extend periods daily checks need halter safe gett caught items environment noncertifi certifi site Suitable comfortably dog breathe pant easily preparation depend propos Examples include Putt groups prior tak stable hierarchy Mov close giv chance settle date Ensur access long possible this preclude withdrawal warm cool feedstuffs deliver example drunk sources recognize nipple drinker source exposure meet unlikely recover euthaniz descriptions auditor list aligns distinction vulnerable reasons pasture exclusionary fenc protect predators recently pastures better nutrition moves justify show benefit week alpacas shear requirements section met Outside interviews confirm Note ropes remain sitt fix mobile maintenance sharp edges projections features Rais bays gradual incline make easier Ramps fall ramp Ideally solid sides obvious forward truck Shadow patterns drain apparent obstacles eliminat andor describes out reduces risks factor carry bird method ducks understood slid hold goose arm armpit whilst holds Adult geese shoulder joints finger between separate breast fully support simultaneously trailer area house transferr minimal Observation catch shows interview Transport identifi state repair broken protrud parts injure goal die But understand happen provide injuries deaths instances exce 05 or start increase investigate rate future Live sale transfer country another live single border neighbor land accomplish Handl Knowingly means directly trader broker deals buyer advertis communicat sold sent sells barn market multiple buyers purchases stock ConformanceRelat MEL Indicator Critical Major Minor Sheep wool Mohair Alpaca Down Skins
4. Animal Welfare,4.9. Handling and Transport Managed by the Organization,stage transport animals car sufficient number workers collectively possess appropriate ability knowledge competence necessary maintain health welfare responsibility changes persons organizations accept provides copy relevant procedures requir documentation complet prior embark travel accessible incomplete inaccessible does cause delay reach unload destination event delays aris journey contingency plan place ensure needs met rais compatible groups accustom separation distress accompani dependent young handl separately species follows a Animals significantly different sizes ages b Sexually mature males females c horns d hostile other e Ti unti vehicle us design construct avoid injury suffer safety transportation clean dry load Ramps set incline greater 20 degrees measures prevent adequate ventilation oxygenation stationary prevents buildup harmful concentrations gases impurities water vapor temperature signs heat cold stress exposure noxious immediate corrective actions taken protect adverse weather risk climatic conditions likely significant discomfort harm Stock density allow adopt natural posture sheep goat follow minimum area Shorn goats lambs kids 26 kg over 020030 m2animal Unshorn 030040 Heavily pregnant ewes 040050 alpaca Mean live weight Minimum floor m2head 04 30 05 40 06 50 07 60 08 80 10 Waterfowl overcrowd waterfowl container stock determin bas average densities exce Weight bird Space 16 180 200 cm2kg 3 160 5 115 105 Trucks weigh arrival slaughter site verify Journeys direct prolong stops shortest possible time Water fe opportunity rest available meet specifi period access food space exercise twentyfour 24 hours adult 12 Sheep wean months age eighteen 18 Alpacas 6 seven half 75 gestation 8 lactat alpacas 4 inspect pain regular intervals includ periods breaks operator conveyance refuel injur assist treat or euthaniz soon practicable Duration birds words LIVE BIRDS ANIMALS visible local language outside truck 1 criterion applicable mammals organization responsible 2 applies down knows people involv departure certifi final confirm competent requirements unifi standard person charge change farm implement criteria relat lies select present clear delineation roles responsibilities example Producerconsignor Responsible muster assembl Transporterdriver management additional inspections livestock post Receiver eg processor agent saleyard managersuperintendent Reception oversight aware ensures ready include animal status certificates lists identification etc provide details plans sources alternative tractor units trucks breakdown quickly repair route plann case road closures options excessive understood reaction predict hostility assess observation hold pens display compartments protocol types react ifwhen intend group seen ti halter lead rope Vehicles adapt maintenance vehicles sharp edges projections features body parts stuck vents openings fall regardless handles not audit Otherwise shall ensur wash completely slope 20degrees equivalent rise 11 Ramp angles steeper harder negotiate problems generate moisture remov overheat ventilat ammonia manure urine andor CO2 ne adjust openedshut accord shows understand principles good inspection sign lack mov force air cross winds help worst scenario Levels levels noticeably unpleasant humans impact vary season region roof provid fan bedd depend situation solid reduce wind chill factor these extreme arise reschedul External measure Includ humidity temperaturehumidity index better insight fiber remain range 10°C 30°C hot regions early morn even temperatures lower cases flow rely movement stopp long stop park shade right angle direction improve 7 length fleece affect recently shorn exception away droughtstricken day Exact below allows assessment vehiclecompartment height stand easily cm backbone largest multiple decks heights freedom turnaround closer check size pen compartment divid type information maximum plac allowances layout lie cush preferr position crates crate sit comfortably heads headroom wish calculations catch containers Calculations calculation written able act upon record transports market bypass nearby reason Stops pick second coordination turns up Rest Note durations first Direct journeys make pickups major detours doubl back recognizes principle that duration Specifics cover qualify intent chance stretch rehydrate eat continu facilities list essential Transport calculat starts leaves Adult younger start longer this reload begins driver makes checks deal sick contact treatment hisher need suitable equipment euthanasia carri train use it come perform apply newly hatch ducklings goslings unless fourhours nearest requirement ideally photographic evidence ConformanceRelat Leadership Critical Minor Major Recommendation wool Mohair Alpaca Down Skins
5. Processing Facility,5.1. Environmental Management System,organization Environmental Management EMS place includes a designat management level staff person responsible implementation b procedure updat remain compliance applicable legal requirements c document measur track relevant environmental indicators eg energy use water wastewatereffluent emissions air waste d plan developreview targets annually reach meaningful improvements e Procedures records train workers issues 1 appropriate scale intensity operation ConformanceRelat Major Cotton Sheep wool Mohair Alpaca Cashmere Recycl MMCF Biomaterials
5. Processing Facility,5.2. Chemical Management and Restrictions,organization Chemical Management CMS place includes follow a mechanism monitor meet relevant legal requirements relat chemical management b Procedures train workers and necessary properly manage c Complete information input suppliers includ address key contacts d Accurate lists inputs us materials complete current Safety Data Sheet SDS available English languages facility meets guidelines 525 addition maintains certifi Documentation demonstrates accept use procedure assess chemicals standard subsection Restrictions Sheets substance mixture production 5 years old criteria ANSI Z40012004 identifies comply US OSHA Hazard Communication Standard Regulation EC 19072006 REACH adapt account rules Globally Harmoniz Classification Labell Chemicals GHS implementation elements EU legislation introduc 12722008 CLP process shall contain Substances High Concern SVHC referr Article 57 European concern Registration Evaluation Authorization Restriction Annex XIV does substances mixtures classifi hazard codes andor risk phrases list ANNEX 4 addresses evidence recovery chemicalssolvents byproducts implement control technologies treatments sets targets implements steps taken meaningful improvement solvent rates reviews progress annually hazardous phas replac safer alternatives Organotin compounds manufacture Elastane Leadbas pigments manufactur Polypropylene elemental chlorine bleach pulp follows best techniques responsible Dissolv Grade DG minimum Foundational Level set chapter Responsible Fibre Production ZDHC MMCF Guidelines Reclaim textile material enter supply chain feedstock test restrict prior recycl records results maintain Pellet flake filament fibrous form outputs Prior scour sum totals provid exceed wool ectoparasiticide concentrations raw total limit value γhexachlorocyclohexane lindane αhexachlorocyclohexane βhexachlorocyclohexane δhexachlorocyclohexane aldrin dieldrin endrin ppDDT ppDDD 05 ppm Cypermethrin deltamethrin fenvalerate cyhalothrin flumethrin Diazinon propetamphos chlorfenvinphos dichlofenthion chlorpyriphos fenchlorphos 2 Diflubenzuron triflumuron dicyclanil uses optimum amounts alkali accordance technical specifications products 1 Subsection 52 unifi apply whole produc compliance carry traces residues Hence responsibility final sellers consumers ensure sold nominat Restrict Substance List RSL country sale case issue present reclaim initial new focus pellets flakes filaments fibers 3 Regard criterion requir entire position dedicat manag instead assign role hisher job responsibilities date supplier translations prepar countryspecific norms align consider compliant review Mixtures refers formulations manufacturers hav recogniz internally facilities Criterion applicable commercial trade brand names Examples cleaners detergents inks dyes spinn additives flame retardants antistatic agents category Recycl synthetic refer Commission Best Available Techniques BAT Reference Documents REF BREF member Apparel Alliance Textile Exchange committ support work sustainable different methods as to mechanical biological Polyester Guideline schedul releas 2024 improvements auditor advanc is adequate realistic virgin Manufactur document Pulp Paper Board update include Refer latest version Test data collection potential impact knowledge build Preconsumer waste com GOTS OEKOTEX self tests AFIRM ne perform additional postconsumer moment recommend Italian Detox Improvement Consortium CID provides parameters values Work categories phases promot external stakeholders topic textiles sampl frequency etc propos undertaken phase documentary establishes identity farmers 75 question independent verification bas site visits appli animals fields rais Wool scourers that incineration break aforemention ectoparasiticides sludge derogat requirement measures below Recovery compost liquid fertilizer Treatment energy anaerobic digestion ConformanceRelat MEL Indicator Leadership Major Minor Recommendation Sheep Mohair Alpaca Cashmere Biomaterials
5. Processing Facility,5.3. Waste Management,organization Waste Management Plan place minimize pollution health risks organic productionrelat wastes internal waste inspection perform annually establish baseline measurement inform development continuous improvement targets Landfillincineration avoidance met 5 years initial certification measures maintains records produc monthly basis sets meaningful reduction production improvements management reviews progress routinely looks implements ways increase reuse andor recycl Material recyclers collect reclaim material process retain follow verify volume a Records materials enter b description stage c relevant transfer notes d Reclaim declaration forms us lieu list above e Evidence current creat route avoids previous disposal routes documentation prove previously dispos prior inhouse tak f Declaration provid all inputs Inputs textile feedstock outputs usable applications treat properly hierarchy nonhazardous source compost energy recovery treatment collection programs available Organic burn necessary control weeds pests diseases indicat local regulations recogniz sustainability purposes Incinerators methods design specific type obtains permitslicenses stays updat changes legal requirements ensure ongo compliance contractors requir permits Hazardous segregat Workers train proper handl segregation Procedures inventory storage transportation streams procedures include improve environmental safety workers open airforbidden onsite uncontroll landfill occurr site sustainable sources transform resources eg means generation biogas biofuels 1 criteria subsection 53 apply nonfiber relat generat facility criterion explicitly talks 2 Productionrelat chemical hazardous packag 3 shall maintain sites assessment selection bins evaluate correct implementation help guide processes Avoidance bas minimum percentage reductions category track assess set auditor consider advanc adequate realistic review check excess Regard limit to demonstration virgin guidance accept PreConsumer Textile refer support document titl Exchange Guide Recycl Treat implement best method address distinct types minimiz potential aim conservation protection plann makes use services participate initiatives accessible offer area region Qualify voluntary organiz municipality community extension offices private schemes crop residues accordance guidelines protocols observ audit Burn practice defin categories stipulat absence refers characteristics Ignitability Corrosivity Reactivity Toxicity Criterion applicable incineration happen ConformanceRelat MEL Indicator Leadership Minor Recommendation Major Critical Cotton Sheep wool Mohair Alpaca Cashmere MMCF Biomaterials
5. Processing Facility,5.4. Water Use and Discharge,organization sets targets meaningful improvements water usage reviews progress annually measures maintains record monthly monitors compliance relevant legal requirements relat records wastewatereffluent drainage plan place includes wastewater flow direction discharge points elects treat onsite meets minimum accordance Foundational Level Heavy Metals Conventional Anions parameters latest version ZDHCs Wastewater Guidelines WWG national local stringent discharg environment Sludge treatment properly dispos of Wool scourers hav effluent follow recover value oxidiz grease fiber suint sludge aris scour a Recovery sale chemical feedstock b production compost liquid fertilizer c manufactur products build materials d Treatment energy recovery anaerobic digestion incineration test conduct 6 months train workers chooses offsite ensures facility adequate capacity volume receiv Reverse osmosis us process system automatic control provide reuse maximize resource reduce overall use 1 assess set auditor shall consider advanc is improvement andor realistic Offsite Common Effluent Plant CETP legally operat provid existence permit agreement contract certifi site participant pollution board MMCF manufacturers chapter ZDHC 2 meet oxygen demand COD values final wool Coarse 25 g CODkg greasy Fine 45 3 scope does cover polymer raw releases dedicat guidance it Onsite copy valid disposal contractor generat implement criterion exempt ectoparasiticide prior applicable Workers equipment direct ZDHC’s Approv laboratories Requirement level farm ConformanceRelat MEL Indicator Leadership Minor Major Recommendation Sheep Mohair Alpaca Cashmere Recycl Biomaterials
5. Processing Facility,5.5. Air Emissions,organization plan place measure monitor reduce harmful air pollutants eg carbon monoxide nitrogen oxides volatile organic compounds particulate matter greenhouse gas GHG emissions etc sets targets meaningful reduction reviews progress annually meets relevant legal requirements relat maintains records uptodate permits requiredapplicable inventory main point source potential fugitive regularly assess address necessary Equipment contain OzoneDeplet Substances ODS undergoes regular maintenance prevent detect 1 Requirement applicable facility level farm 2 set improvements auditor shall consider advanc is improvement adequate andor realistic US Environmental Protection Agency EPA defines pollution any single identifiable discharg pipe ditch factory smokestack list Montreal Protocol at httpswwwepagovozonelayerprotectionozonedepletingsubstances Leadership MEL Indicator ConformanceRelat Recommendation Minor Major Sheep wool Mohair Alpaca Cashmere Recycl MMCF Biomaterials
5. Processing Facility,5.6. Energy Use,organization written Energy Management Plan place track monitor use energy inputs purposes improv efficiency reduc fossilfuel bas sources time meets relevant legal requirements relat maintains records measures usage monthly basis sets targets meaningful improvements reviews progress annually employs available renewable energies eg biofuels biogas solar wind produc site procur needs mov main source electricity energyefficient equipment replac old inefficient help reduce Machinery optimiz adjust spe power motors type process Dissolv Grade DG Pulp manufacturers recover value spent liquors generat minimum 50 onsite steam viscose liquid vacuum jet pump consumption temperatures caustic soda aqueous solution lower uses oxidative properties Hydroxyl Radical Active Oxygen make pure cotton waste fabric low temperature purification dissolv pulp fibers lyocell 1 facility level include fuel machinery kWh stays updat local regional national laws regulations regularly legislation regulatory ensure compliance emissions energyrelat matters assess set auditor shall consider advanc is improvement adequate andor realistic record us yield percentage total utilization Renewable mean hydrowater geothermal non list characteristics preferr ANNEX 5 material category MMCF criterion applicable virgin recycl manufactur 2 appropriate install ConformanceRelat MEL Indicator Leadership Minor Major Recommendation Cotton Sheep wool Mohair Alpaca Cashmere Recycl Biomaterials
6. Chain of Custody,6.1. Applicability of the Content Claim Standard,Processors supply chain organizations processor eg brokers distributors requir conform criteria CCS101 Content Claim Standard instead section unifi standard Organizations purchas eligible material certifi recogniz implement Reclaim concentrators mechanicalchemicalmolecular recyclers organization farm group unless conducts follow activities a Purchas noncertifi fiber scope certificate b type process c Outsourc defin CCS 101 Section C5 storage d Parallel production rais different herds animals species NOTE evaluat Chain Custody applicable 1 performs transformation harvest collection raw is instance recycl recycler cotton earliest stage ie ginn down slaughter site animal fibers typically scour processors certification claims 2 Scenarios pulp wood chips forest management operation forestry gin producer criterion describes level require addition relevant requirements buy sites not ConformanceRelat Major Cotton Sheep wool Mohair Alpaca Cashmere Down Recycl MMCF Biomaterials Skins
6. Chain of Custody,6.2. Material Handling,organization keeps certifi material physically separat properly identifi noncertifi storage facilities manag order identify segregate Procedures shall place prevent commingl substitution materials outsources activities section C5 CCS101 Content Claim Standard implement 1 conducts parallel production ensures fiber kept sell claims ConformanceRelat Major Sheep wool Mohair Alpaca Down Skins
6. Chain of Custody,6.3. Volume Reconciliation,organization maintains records follow a Volumes material produc collect b sold noncertifi certifi applicable scope certificate c Technical specifications calculates capacity farm terms quantity ie yield year conducts annual volume reconciliation demonstrates credible bas balance materials with certification claims exist inventory 1 animal fibers microns PC0033 PC0034 fiber length mm fineness unit feather RM0032 RM0039 RM0328 RM0329 power farms operational aligns project production undertakes rigorous calculations provid justifications lead assessment 2 need measure organizations potential prerequisite conduct Describ includes land area usage number animals hectare consider parallel relevant factors 3 determination involves assess count individual considers frequency cycles objective ensure output Group Certification ICS instead member suggest template use ConformanceRelat MEL Indicator Major Sheep wool Mohair Alpaca Down Skins
6. Chain of Custody,6.4. Sale of Certified Materials,organization holds valid unifi standard scope certificate material shipp sold certification claims Otherwise shall consider certifi eligible farm later 1 year time animals shorn provid follow points met a audit critical nonconformities found b Traceability previously confirms comes c mules achiev ceas status prior wool only applies transaction TC body materials business reference sales documents carry logo andor identifi market application includes document proof sale provides information request include limit to Invoices purchase orders financial records party quality test reports eg government transportation outgo nam buyer identity quantities Group Certification ICS requests certificates seller requir hold order sell process applicant issu expires important apply soon possible Transaction applications receiv 90 days shipment date change bodies exact timelines refer ASR104 Policy Certificates Farm Member notice given grant permission ConformanceRelat Major Sheep Mohair Alpaca Down Skins
6. Chain of Custody,6.5. Logo Use and Claims,certifi organizations valid scope certificate make use unifi standard logos andor claims permitt Claims Policy materials transaction eligible label case public fac logo approval obtain accordance prior ConformanceRelat Major Sheep wool Mohair Alpaca Down Skins
7. Group Certification,7.1. Group Management,group manag legal entity represents entirety members consider applicant certifi organization behalf Internal Control ICS Manager locat single country Europe Communal Farmer Group meet qualify criteria 1 Legal context legally establish eg commercial enterprise association cooperative nongovernmental etc individual person hav permits operate 2 manage provid capacity resources certificate defin countries belong European Union plus Unit Kingdom Norway Switzerland Groups includ producers mammal animals waterfowl given farm member straightline distance 500 km headquarters Farmers eligible participation certification follow met farmer faces significant economic constraints lack capital assets low access finance ie economies scale information technical knowledge market shall little land security independent affiliat company heshe produces fibers small number livestock relies family labor Animal farmers primary source income uses relatively levels agricultural inputs comparatively yields relative range commodity andor footprint does necessarily share order ConformanceRelat Critical Major Sheep wool Mohair Alpaca
7. Group Certification,7.2. Internal Control System,organization internal control ICS place appoints Manager responsible management ensur conformity relevant unifi standard requirements group members designates responsibilities different actors eg employees contractors etc contains document procedures show certificate manag includ follow elements a Approv sanction b Maintain records c Train d Mechanisms address grievances e Internal inspections guarantee conformance f Followup corrective actions rais g Logo use claims maintains structure complete updat list sign membership agreement member specifies scope rights obligations receive periodic audit certification body complet version Farm Questionnaire farm Polygon data ie GIS shapefiles location extent farmland Records sites nonconformity applicable belong certifi type individual case h Communal Farmer Groups only copies level plans supports meet sections 1 us oversight criteria 2 criterion assesses Ideally legal entity represent however delegat contract person consult firm hir specific purpose free determine implementation conduct long demonstrat provide written documents demonstrate points accept add new Group assessment eligibility 3 include right appeal sanctions impos issues relat rightspayments volume reconciliation others cover point does apply Members single Point applies requir organizationspecific 4 Regard levels partially meets requirement example details shall Minor all Major Critical ensures comply depend circumstances materials produce ConformanceRelat Sheep wool Mohair Alpaca
7. Group Certification,7.3. Group Member Requirements,Group members access to understand relevant requirements unifi standard aware consequences nonconformity ICS employees includ inspectors provid train regard sufficient meet responsibilities 1 ensures group needs happens ne includes differences levels conformity apply record receiv interviews demonstrate equipp various ConformanceRelat Major Sheep wool Mohair Alpaca
7. Group Certification,7.4. Inspection of Members,ICS documents implements inspection protocol ensure relevant standard requirements met group members includ a process address nonconformities member eg identification grad followup closure suspension keep records issu clos explanation corrective actions taken b designates inspectors carry internal inspections c onsite annual d written report prepar identify findings e ensures aware select sample audits accord risk assessment certification body possible additional visits notice 1 provide copy includes points list criterion 2 conduct immediate family operations 3 collect means verification pictures key especially rais 4 copies reports request Textile Exchange ConformanceRelat Major Sheep wool Mohair Alpaca
7. Group Certification,7.5. Adding and Removing Members,New members add group follow happens a ICS receives sign membership agreement member b complet version Farm Questionnaire farm c polygon data ie GIS shapefiles show location farmland d inspector inspection site certification body conduct audit case declin internal inspections e Critical Major nonconformities clos f approval addition new situation requires removes notify removal writ 2 weeks decision taken stat reason eg voluntary nonpayment nonconformity etc 1 shall demonstrate elements criterion met Unless farmer Communal Farmer Group scope certificate includ individual Different certificates different materials 3 joins reviews level plans makes amendments ensure continue reflect Reasons be Voluntary withdrawal Nonpayment agre fees Inability close open andor Repetitive define ConformanceRelat Sheep wool Mohair Alpaca
